<?xml version="1.0" encoding="utf-8"?>
<TopologyInfo xmlns:xsd="http://www.w3.org/2001/XMLSchema" xmlns:xsi="http://www.w3.org/2001/XMLSchema-instance">
  <Details Name="vCenter App" Alias="vCenter App" Driver="Python Setup &amp; Teardown" SetupDuration="10" TeardownDuration="10" Public="false" DefaultDuration="120" EnableSandboxSave="true">
    <Description>Blueprint with preconfigured setup &amp; teardown processes.Deploys Apps and resolves connections on Setup, and deletes App VMs on Teardown</Description>
    <Categories />
    <Scripts>
      <Script Name="Default Sandbox Teardown 3.0" />
      <Script Name="Default Sandbox Save 3.0" />
      <Script Name="Default Sandbox Restore 3.0" />
      <Script Name="Default Sandbox Setup 3.0" />
    </Scripts>
    <Diagram Zoom="1" NodeSize="Medium" />
  </Details>
  <Apps>
    <App PositionX="488" PositionY="237" TemplateName="vMLinkedClone">
      <AppResourceInfo Name="vCenter VM">
        <AppResources>
          <AppResource ModelName="Generic App Model" Driver="">
            <Attributes>
              <Attribute Name="Password" Value="3M3u7nkDzxWb0aJ/IZYeWw==" />
              <Attribute Name="Public IP" Value="" />
              <Attribute Name="User" Value="" />
            </Attributes>
          </AppResource>
        </AppResources>
        <DeploymentPaths>
          <DeploymentPath Name="VMware vCenter - VCenter Deploy VM From Linked Clone" Default="true">
            <DeploymentService Name="VCenter Deploy VM From Linked Clone" CloudProvider="VMware vCenter">
              <Attributes>
                <Attribute Name="vCenter VM" Value="Tor/Temps/Ultraquick" />
                <Attribute Name="vCenter VM Snapshot" Value="1" />
                <Attribute Name="VM Cluster" Value="" />
                <Attribute Name="VM Storage" Value="" />
                <Attribute Name="VM Resource Pool" Value="" />
                <Attribute Name="VM Location" Value="" />
                <Attribute Name="Auto Power On" Value="True" />
                <Attribute Name="Auto Power Off" Value="True" />
                <Attribute Name="Wait for IP" Value="True" />
                <Attribute Name="Auto Delete" Value="True" />
                <Attribute Name="Autoload" Value="True" />
                <Attribute Name="IP Regex" Value="" />
                <Attribute Name="Refresh IP Timeout" Value="600" />
                <Attribute Name="Behavior during save" Value="Remain Powered On" />
              </Attributes>
            </DeploymentService>
          </DeploymentPath>
        </DeploymentPaths>
      </AppResourceInfo>
    </App>
  </Apps>
</TopologyInfo>