<?xml version="1.0" encoding="utf-8"?>
<TopologyInfo xmlns:xsd="http://www.w3.org/2001/XMLSchema" xmlns:xsi="http://www.w3.org/2001/XMLSchema-instance">
  <Details Name="Bridge and Patch Panel" Alias="Bridge and Patch Panel" Driver="Python Setup &amp; Teardown" SetupDuration="10" TeardownDuration="10" Public="false" DefaultDuration="120" EnableSandboxSave="true">
    <Description>Blueprint with preconfigured setup &amp; teardown processes.Deploys Apps and resolves connections on Setup, and deletes App VMs on Teardown</Description>
    <Categories />
    <Scripts>
      <Script Name="Default Sandbox Teardown 3.0" />
      <Script Name="Default Sandbox Save 3.0" />
      <Script Name="Default Sandbox Restore 3.0" />
      <Script Name="Default Sandbox Setup 3.0" />
    </Scripts>
    <Diagram Zoom="1" NodeSize="Medium" />
  </Details>
  <Resources>
    <Resource PositionX="614" PositionY="162" Name="Br0" Shared="true">
      <SubResources>
        <Resource Name="P1" Shared="false" />
      </SubResources>
    </Resource>
    <Resource PositionX="896" PositionY="184" Name="Patch Panel" Shared="true">
      <SubResources>
        <Resource Name="P1" Shared="false" />
      </SubResources>
    </Resource>
  </Resources>
  <Apps />
</TopologyInfo>