<?xml version="1.0" encoding="utf-8"?>
<TopologyInfo xmlns:xsd="http://www.w3.org/2001/XMLSchema" xmlns:xsi="http://www.w3.org/2001/XMLSchema-instance">
  <Details Name="OpenStack App" Alias="OpenStack App" Driver="Python Setup &amp; Teardown" SetupDuration="10" TeardownDuration="10" Public="false" DefaultDuration="120" EnableSandboxSave="true">
    <Description>Blueprint with preconfigured setup &amp; teardown processes.Deploys Apps and resolves connections on Setup, and deletes App VMs on Teardown</Description>
    <Categories />
    <Scripts>
      <Script Name="Default Sandbox Teardown 3.0" />
      <Script Name="Default Sandbox Save 3.0" />
      <Script Name="Default Sandbox Restore 3.0" />
      <Script Name="Default Sandbox Setup 3.0" />
    </Scripts>
    <Diagram Zoom="1" NodeSize="Medium" />
  </Details>
  <Apps>
    <App PositionX="589" PositionY="228" TemplateName="OSGlance">
      <AppResourceInfo Name="OpenStack VM">
        <AppResources>
          <AppResource ModelName="Generic App Model" Driver="">
            <Attributes>
              <Attribute Name="Password" Value="3M3u7nkDzxWb0aJ/IZYeWw==" />
              <Attribute Name="Public IP" Value="" />
              <Attribute Name="User" Value="" />
            </Attributes>
          </AppResource>
        </AppResources>
        <DeploymentPaths>
          <DeploymentPath Name="OpenStack - OpenStack Deploy From Glance Image" Default="true">
            <DeploymentService Name="OpenStack Deploy From Glance Image" CloudProvider="OpenStack">
              <Attributes>
                <Attribute Name="Availability Zone" Value="" />
                <Attribute Name="Image ID" Value="2b9904e4-45ed-421d-939e-8ccc362740e2" />
                <Attribute Name="Instance Flavor" Value="m1.tiny" />
                <Attribute Name="Add Floating IP" Value="False" />
                <Attribute Name="Autoload" Value="True" />
                <Attribute Name="Affinity Group ID" Value="" />
                <Attribute Name="Floating IP Subnet ID" Value="" />
                <Attribute Name="Auto udev" Value="True" />
                <Attribute Name="Wait for IP" Value="False" />
              </Attributes>
            </DeploymentService>
          </DeploymentPath>
        </DeploymentPaths>
      </AppResourceInfo>
    </App>
  </Apps>
</TopologyInfo>