<?xml version="1.0" encoding="utf-8"?>
<ResourceInfo xmlns:xsd="http://www.w3.org/2001/XMLSchema" xmlns:xsi="http://www.w3.org/2001/XMLSchema-instance" Name="Br0" FolderFullPath="" Address="1.1.1.1" ModelName="Bridge Generic Model" Description="" xmlns="http://schemas.qualisystems.com/ResourceManagement/ResourceSchema.xsd">
  <Attributes>
    <Attribute Name="Number of Ports" Value="0" />
    <Attribute Name="aaa" Value="test value" />
  </Attributes>
  <ChildResources>
    <ResourceInfo Name="P0" Address="1.1.1.1" ModelName="Bridge Port Generic Model" Description="">
      <Attributes>
        <Attribute Name="Protocol Type" Value="Ethernet" />
        <Attribute Name="Speed" Value="1 Gbps" />
        <Attribute Name="Autoneg Capability" Value="10 Mbps HD" />
        <Attribute Name="Duplex" Value="Full" />
        <Attribute Name="Number of Ports" Value="0" />
      </Attributes>
      <ChildResources />
      <Connections />
    </ResourceInfo>
    <ResourceInfo Name="P1" Address="1.1.1.1" ModelName="Bridge Port Generic Model" Description="">
      <Attributes>
        <Attribute Name="Protocol Type" Value="Ethernet" />
        <Attribute Name="Speed" Value="1 Gbps" />
        <Attribute Name="Autoneg Capability" Value="10 Mbps HD" />
        <Attribute Name="Duplex" Value="Full" />
        <Attribute Name="Number of Ports" Value="0" />
      </Attributes>
      <ChildResources />
      <Connections>
        <Connection ConnectedTo="Patch Panel/P1" Weight="10" />
      </Connections>
    </ResourceInfo>
    <ResourceInfo Name="P2" Address="1.1.1.1" ModelName="Bridge Port Generic Model" Description="">
      <Attributes>
        <Attribute Name="Protocol Type" Value="Ethernet" />
        <Attribute Name="Speed" Value="1 Gbps" />
        <Attribute Name="Autoneg Capability" Value="10 Mbps HD" />
        <Attribute Name="Duplex" Value="Full" />
        <Attribute Name="Number of Ports" Value="0" />
      </Attributes>
      <ChildResources />
      <Connections />
    </ResourceInfo>
    <ResourceInfo Name="P3" Address="1.1.1.1" ModelName="Bridge Port Generic Model" Description="">
      <Attributes>
        <Attribute Name="Protocol Type" Value="Ethernet" />
        <Attribute Name="Speed" Value="1 Gbps" />
        <Attribute Name="Autoneg Capability" Value="10 Mbps HD" />
        <Attribute Name="Duplex" Value="Full" />
        <Attribute Name="Number of Ports" Value="0" />
      </Attributes>
      <ChildResources />
      <Connections />
    </ResourceInfo>
    <ResourceInfo Name="P4" Address="1.1.1.1" ModelName="Bridge Port Generic Model" Description="">
      <Attributes>
        <Attribute Name="Protocol Type" Value="Ethernet" />
        <Attribute Name="Speed" Value="1 Gbps" />
        <Attribute Name="Autoneg Capability" Value="10 Mbps HD" />
        <Attribute Name="Duplex" Value="Full" />
        <Attribute Name="Number of Ports" Value="0" />
      </Attributes>
      <ChildResources />
      <Connections />
    </ResourceInfo>
    <ResourceInfo Name="P5" Address="1.1.1.1" ModelName="Bridge Port Generic Model" Description="">
      <Attributes>
        <Attribute Name="Protocol Type" Value="Ethernet" />
        <Attribute Name="Speed" Value="1 Gbps" />
        <Attribute Name="Autoneg Capability" Value="10 Mbps HD" />
        <Attribute Name="Duplex" Value="Full" />
        <Attribute Name="Number of Ports" Value="0" />
      </Attributes>
      <ChildResources />
      <Connections />
    </ResourceInfo>
    <ResourceInfo Name="P6" Address="1.1.1.1" ModelName="Bridge Port Generic Model" Description="">
      <Attributes>
        <Attribute Name="Protocol Type" Value="Ethernet" />
        <Attribute Name="Speed" Value="1 Gbps" />
        <Attribute Name="Autoneg Capability" Value="10 Mbps HD" />
        <Attribute Name="Duplex" Value="Full" />
        <Attribute Name="Number of Ports" Value="0" />
      </Attributes>
      <ChildResources />
      <Connections />
    </ResourceInfo>
    <ResourceInfo Name="P7" Address="1.1.1.1" ModelName="Bridge Port Generic Model" Description="">
      <Attributes>
        <Attribute Name="Protocol Type" Value="Ethernet" />
        <Attribute Name="Speed" Value="1 Gbps" />
        <Attribute Name="Autoneg Capability" Value="10 Mbps HD" />
        <Attribute Name="Duplex" Value="Full" />
        <Attribute Name="Number of Ports" Value="0" />
      </Attributes>
      <ChildResources />
      <Connections />
    </ResourceInfo>
    <ResourceInfo Name="P8" Address="1.1.1.1" ModelName="Bridge Port Generic Model" Description="">
      <Attributes>
        <Attribute Name="Protocol Type" Value="Ethernet" />
        <Attribute Name="Speed" Value="1 Gbps" />
        <Attribute Name="Autoneg Capability" Value="10 Mbps HD" />
        <Attribute Name="Duplex" Value="Full" />
        <Attribute Name="Number of Ports" Value="0" />
      </Attributes>
      <ChildResources />
      <Connections />
    </ResourceInfo>
    <ResourceInfo Name="P9" Address="1.1.1.1" ModelName="Bridge Port Generic Model" Description="">
      <Attributes>
        <Attribute Name="Protocol Type" Value="Ethernet" />
        <Attribute Name="Speed" Value="1 Gbps" />
        <Attribute Name="Autoneg Capability" Value="10 Mbps HD" />
        <Attribute Name="Duplex" Value="Full" />
        <Attribute Name="Number of Ports" Value="0" />
      </Attributes>
      <ChildResources />
      <Connections />
    </ResourceInfo>
  </ChildResources>
  <Connections />
</ResourceInfo>