<?xml version="1.0" encoding="utf-8"?>
<ResourceInfo xmlns:xsd="http://www.w3.org/2001/XMLSchema" xmlns:xsi="http://www.w3.org/2001/XMLSchema-instance" Name="Patch Panel" FolderFullPath="" Address="1.1.1.1" ModelName="Generic PatchPanel" Description="" Driver="Patch Panel Driver" xmlns="http://schemas.qualisystems.com/ResourceManagement/ResourceSchema.xsd">
  <Attributes />
  <ChildResources>
    <ResourceInfo Name="P0" Address="1.1.1.1" ModelName="Generic Jack" Description="">
      <Attributes>
        <Attribute Name="Protocol Type" Value="Ethernet" />
      </Attributes>
      <ChildResources />
      <Connections />
    </ResourceInfo>
    <ResourceInfo Name="P1" Address="1.1.1.1" ModelName="Generic Jack" Description="">
      <Attributes>
        <Attribute Name="Protocol Type" Value="Ethernet" />
      </Attributes>
      <ChildResources />
      <Connections>
        <Connection ConnectedTo="Br0/P1" Weight="10" />
      </Connections>
    </ResourceInfo>
    <ResourceInfo Name="P2" Address="1.1.1.1" ModelName="Generic Jack" Description="">
      <Attributes>
        <Attribute Name="Protocol Type" Value="Ethernet" />
      </Attributes>
      <ChildResources />
      <Connections />
    </ResourceInfo>
    <ResourceInfo Name="P3" Address="1.1.1.1" ModelName="Generic Jack" Description="">
      <Attributes>
        <Attribute Name="Protocol Type" Value="Ethernet" />
      </Attributes>
      <ChildResources />
      <Connections />
    </ResourceInfo>
    <ResourceInfo Name="P4" Address="1.1.1.1" ModelName="Generic Jack" Description="">
      <Attributes>
        <Attribute Name="Protocol Type" Value="Ethernet" />
      </Attributes>
      <ChildResources />
      <Connections />
    </ResourceInfo>
    <ResourceInfo Name="P5" Address="1.1.1.1" ModelName="Generic Jack" Description="">
      <Attributes>
        <Attribute Name="Protocol Type" Value="Ethernet" />
      </Attributes>
      <ChildResources />
      <Connections />
    </ResourceInfo>
    <ResourceInfo Name="P6" Address="1.1.1.1" ModelName="Generic Jack" Description="">
      <Attributes>
        <Attribute Name="Protocol Type" Value="Ethernet" />
      </Attributes>
      <ChildResources />
      <Connections />
    </ResourceInfo>
    <ResourceInfo Name="P7" Address="1.1.1.1" ModelName="Generic Jack" Description="">
      <Attributes>
        <Attribute Name="Protocol Type" Value="Ethernet" />
      </Attributes>
      <ChildResources />
      <Connections />
    </ResourceInfo>
    <ResourceInfo Name="P8" Address="1.1.1.1" ModelName="Generic Jack" Description="">
      <Attributes>
        <Attribute Name="Protocol Type" Value="Ethernet" />
      </Attributes>
      <ChildResources />
      <Connections />
    </ResourceInfo>
    <ResourceInfo Name="P9" Address="1.1.1.1" ModelName="Generic Jack" Description="">
      <Attributes>
        <Attribute Name="Protocol Type" Value="Ethernet" />
      </Attributes>
      <ChildResources />
      <Connections />
    </ResourceInfo>
    <ResourceInfo Name="P10" Address="1.1.1.1" ModelName="Generic Jack" Description="">
      <Attributes>
        <Attribute Name="Protocol Type" Value="Ethernet" />
      </Attributes>
      <ChildResources />
      <Connections />
    </ResourceInfo>
    <ResourceInfo Name="P11" Address="1.1.1.1" ModelName="Generic Jack" Description="">
      <Attributes>
        <Attribute Name="Protocol Type" Value="Ethernet" />
      </Attributes>
      <ChildResources />
      <Connections />
    </ResourceInfo>
    <ResourceInfo Name="P12" Address="1.1.1.1" ModelName="Generic Jack" Description="">
      <Attributes>
        <Attribute Name="Protocol Type" Value="Ethernet" />
      </Attributes>
      <ChildResources />
      <Connections />
    </ResourceInfo>
    <ResourceInfo Name="P54" Address="1.1.1.1" ModelName="Generic Jack" Description="">
      <Attributes>
        <Attribute Name="Protocol Type" Value="Ethernet" />
      </Attributes>
      <ChildResources />
      <Connections />
    </ResourceInfo>
    <ResourceInfo Name="P55" Address="1.1.1.1" ModelName="Generic Jack" Description="">
      <Attributes>
        <Attribute Name="Protocol Type" Value="Ethernet" />
      </Attributes>
      <ChildResources />
      <Connections />
    </ResourceInfo>
    <ResourceInfo Name="P56" Address="1.1.1.1" ModelName="Generic Jack" Description="">
      <Attributes>
        <Attribute Name="Protocol Type" Value="Ethernet" />
      </Attributes>
      <ChildResources />
      <Connections />
    </ResourceInfo>
    <ResourceInfo Name="P66" Address="1.1.1.1" ModelName="Generic Jack" Description="">
      <Attributes>
        <Attribute Name="Protocol Type" Value="Ethernet" />
      </Attributes>
      <ChildResources />
      <Connections />
    </ResourceInfo>
    <ResourceInfo Name="P67" Address="1.1.1.1" ModelName="Generic Jack" Description="">
      <Attributes>
        <Attribute Name="Protocol Type" Value="Ethernet" />
      </Attributes>
      <ChildResources />
      <Connections />
    </ResourceInfo>
    <ResourceInfo Name="P68" Address="1.1.1.1" ModelName="Generic Jack" Description="">
      <Attributes>
        <Attribute Name="Protocol Type" Value="Ethernet" />
      </Attributes>
      <ChildResources />
      <Connections />
    </ResourceInfo>
    <ResourceInfo Name="P69" Address="1.1.1.1" ModelName="Generic Jack" Description="">
      <Attributes>
        <Attribute Name="Protocol Type" Value="Ethernet" />
      </Attributes>
      <ChildResources />
      <Connections />
    </ResourceInfo>
    <ResourceInfo Name="P70" Address="1.1.1.1" ModelName="Generic Jack" Description="">
      <Attributes>
        <Attribute Name="Protocol Type" Value="Ethernet" />
      </Attributes>
      <ChildResources />
      <Connections />
    </ResourceInfo>
    <ResourceInfo Name="P71" Address="1.1.1.1" ModelName="Generic Jack" Description="">
      <Attributes>
        <Attribute Name="Protocol Type" Value="Ethernet" />
      </Attributes>
      <ChildResources />
      <Connections />
    </ResourceInfo>
    <ResourceInfo Name="P72" Address="1.1.1.1" ModelName="Generic Jack" Description="">
      <Attributes>
        <Attribute Name="Protocol Type" Value="Ethernet" />
      </Attributes>
      <ChildResources />
      <Connections />
    </ResourceInfo>
    <ResourceInfo Name="P73" Address="1.1.1.1" ModelName="Generic Jack" Description="">
      <Attributes>
        <Attribute Name="Protocol Type" Value="Ethernet" />
      </Attributes>
      <ChildResources />
      <Connections />
    </ResourceInfo>
    <ResourceInfo Name="P74" Address="1.1.1.1" ModelName="Generic Jack" Description="">
      <Attributes>
        <Attribute Name="Protocol Type" Value="Ethernet" />
      </Attributes>
      <ChildResources />
      <Connections />
    </ResourceInfo>
    <ResourceInfo Name="P75" Address="1.1.1.1" ModelName="Generic Jack" Description="">
      <Attributes>
        <Attribute Name="Protocol Type" Value="Ethernet" />
      </Attributes>
      <ChildResources />
      <Connections />
    </ResourceInfo>
    <ResourceInfo Name="P76" Address="1.1.1.1" ModelName="Generic Jack" Description="">
      <Attributes>
        <Attribute Name="Protocol Type" Value="Ethernet" />
      </Attributes>
      <ChildResources />
      <Connections />
    </ResourceInfo>
    <ResourceInfo Name="P77" Address="1.1.1.1" ModelName="Generic Jack" Description="">
      <Attributes>
        <Attribute Name="Protocol Type" Value="Ethernet" />
      </Attributes>
      <ChildResources />
      <Connections />
    </ResourceInfo>
    <ResourceInfo Name="P78" Address="1.1.1.1" ModelName="Generic Jack" Description="">
      <Attributes>
        <Attribute Name="Protocol Type" Value="Ethernet" />
      </Attributes>
      <ChildResources />
      <Connections />
    </ResourceInfo>
    <ResourceInfo Name="P79" Address="1.1.1.1" ModelName="Generic Jack" Description="">
      <Attributes>
        <Attribute Name="Protocol Type" Value="Ethernet" />
      </Attributes>
      <ChildResources />
      <Connections />
    </ResourceInfo>
    <ResourceInfo Name="P80" Address="1.1.1.1" ModelName="Generic Jack" Description="">
      <Attributes>
        <Attribute Name="Protocol Type" Value="Ethernet" />
      </Attributes>
      <ChildResources />
      <Connections />
    </ResourceInfo>
    <ResourceInfo Name="P81" Address="1.1.1.1" ModelName="Generic Jack" Description="">
      <Attributes>
        <Attribute Name="Protocol Type" Value="Ethernet" />
      </Attributes>
      <ChildResources />
      <Connections />
    </ResourceInfo>
    <ResourceInfo Name="P82" Address="1.1.1.1" ModelName="Generic Jack" Description="">
      <Attributes>
        <Attribute Name="Protocol Type" Value="Ethernet" />
      </Attributes>
      <ChildResources />
      <Connections />
    </ResourceInfo>
    <ResourceInfo Name="P83" Address="1.1.1.1" ModelName="Generic Jack" Description="">
      <Attributes>
        <Attribute Name="Protocol Type" Value="Ethernet" />
      </Attributes>
      <ChildResources />
      <Connections />
    </ResourceInfo>
    <ResourceInfo Name="P84" Address="1.1.1.1" ModelName="Generic Jack" Description="">
      <Attributes>
        <Attribute Name="Protocol Type" Value="Ethernet" />
      </Attributes>
      <ChildResources />
      <Connections />
    </ResourceInfo>
    <ResourceInfo Name="P87" Address="1.1.1.1" ModelName="Generic Jack" Description="">
      <Attributes>
        <Attribute Name="Protocol Type" Value="Ethernet" />
      </Attributes>
      <ChildResources />
      <Connections />
    </ResourceInfo>
    <ResourceInfo Name="P88" Address="1.1.1.1" ModelName="Generic Jack" Description="">
      <Attributes>
        <Attribute Name="Protocol Type" Value="Ethernet" />
      </Attributes>
      <ChildResources />
      <Connections />
    </ResourceInfo>
    <ResourceInfo Name="P89" Address="1.1.1.1" ModelName="Generic Jack" Description="">
      <Attributes>
        <Attribute Name="Protocol Type" Value="Ethernet" />
      </Attributes>
      <ChildResources />
      <Connections />
    </ResourceInfo>
    <ResourceInfo Name="P90" Address="1.1.1.1" ModelName="Generic Jack" Description="">
      <Attributes>
        <Attribute Name="Protocol Type" Value="Ethernet" />
      </Attributes>
      <ChildResources />
      <Connections />
    </ResourceInfo>
    <ResourceInfo Name="P91" Address="1.1.1.1" ModelName="Generic Jack" Description="">
      <Attributes>
        <Attribute Name="Protocol Type" Value="Ethernet" />
      </Attributes>
      <ChildResources />
      <Connections />
    </ResourceInfo>
    <ResourceInfo Name="P92" Address="1.1.1.1" ModelName="Generic Jack" Description="">
      <Attributes>
        <Attribute Name="Protocol Type" Value="Ethernet" />
      </Attributes>
      <ChildResources />
      <Connections />
    </ResourceInfo>
    <ResourceInfo Name="P93" Address="1.1.1.1" ModelName="Generic Jack" Description="">
      <Attributes>
        <Attribute Name="Protocol Type" Value="Ethernet" />
      </Attributes>
      <ChildResources />
      <Connections />
    </ResourceInfo>
    <ResourceInfo Name="P94" Address="1.1.1.1" ModelName="Generic Jack" Description="">
      <Attributes>
        <Attribute Name="Protocol Type" Value="Ethernet" />
      </Attributes>
      <ChildResources />
      <Connections />
    </ResourceInfo>
    <ResourceInfo Name="P13" Address="1.1.1.1" ModelName="Generic Jack" Description="">
      <Attributes>
        <Attribute Name="Protocol Type" Value="Ethernet" />
      </Attributes>
      <ChildResources />
      <Connections />
    </ResourceInfo>
    <ResourceInfo Name="P14" Address="1.1.1.1" ModelName="Generic Jack" Description="">
      <Attributes>
        <Attribute Name="Protocol Type" Value="Ethernet" />
      </Attributes>
      <ChildResources />
      <Connections />
    </ResourceInfo>
    <ResourceInfo Name="P15" Address="1.1.1.1" ModelName="Generic Jack" Description="">
      <Attributes>
        <Attribute Name="Protocol Type" Value="Ethernet" />
      </Attributes>
      <ChildResources />
      <Connections />
    </ResourceInfo>
    <ResourceInfo Name="P18" Address="1.1.1.1" ModelName="Generic Jack" Description="">
      <Attributes>
        <Attribute Name="Protocol Type" Value="Ethernet" />
      </Attributes>
      <ChildResources />
      <Connections />
    </ResourceInfo>
    <ResourceInfo Name="P19" Address="1.1.1.1" ModelName="Generic Jack" Description="">
      <Attributes>
        <Attribute Name="Protocol Type" Value="Ethernet" />
      </Attributes>
      <ChildResources />
      <Connections />
    </ResourceInfo>
    <ResourceInfo Name="P20" Address="1.1.1.1" ModelName="Generic Jack" Description="">
      <Attributes>
        <Attribute Name="Protocol Type" Value="Ethernet" />
      </Attributes>
      <ChildResources />
      <Connections />
    </ResourceInfo>
    <ResourceInfo Name="P21" Address="1.1.1.1" ModelName="Generic Jack" Description="">
      <Attributes>
        <Attribute Name="Protocol Type" Value="Ethernet" />
      </Attributes>
      <ChildResources />
      <Connections />
    </ResourceInfo>
    <ResourceInfo Name="P22" Address="1.1.1.1" ModelName="Generic Jack" Description="">
      <Attributes>
        <Attribute Name="Protocol Type" Value="Ethernet" />
      </Attributes>
      <ChildResources />
      <Connections />
    </ResourceInfo>
    <ResourceInfo Name="P23" Address="1.1.1.1" ModelName="Generic Jack" Description="">
      <Attributes>
        <Attribute Name="Protocol Type" Value="Ethernet" />
      </Attributes>
      <ChildResources />
      <Connections />
    </ResourceInfo>
    <ResourceInfo Name="P27" Address="1.1.1.1" ModelName="Generic Jack" Description="">
      <Attributes>
        <Attribute Name="Protocol Type" Value="Ethernet" />
      </Attributes>
      <ChildResources />
      <Connections />
    </ResourceInfo>
    <ResourceInfo Name="P28" Address="1.1.1.1" ModelName="Generic Jack" Description="">
      <Attributes>
        <Attribute Name="Protocol Type" Value="Ethernet" />
      </Attributes>
      <ChildResources />
      <Connections />
    </ResourceInfo>
    <ResourceInfo Name="P29" Address="1.1.1.1" ModelName="Generic Jack" Description="">
      <Attributes>
        <Attribute Name="Protocol Type" Value="Ethernet" />
      </Attributes>
      <ChildResources />
      <Connections />
    </ResourceInfo>
    <ResourceInfo Name="P30" Address="1.1.1.1" ModelName="Generic Jack" Description="">
      <Attributes>
        <Attribute Name="Protocol Type" Value="Ethernet" />
      </Attributes>
      <ChildResources />
      <Connections />
    </ResourceInfo>
    <ResourceInfo Name="P31" Address="1.1.1.1" ModelName="Generic Jack" Description="">
      <Attributes>
        <Attribute Name="Protocol Type" Value="Ethernet" />
      </Attributes>
      <ChildResources />
      <Connections />
    </ResourceInfo>
    <ResourceInfo Name="P32" Address="1.1.1.1" ModelName="Generic Jack" Description="">
      <Attributes>
        <Attribute Name="Protocol Type" Value="Ethernet" />
      </Attributes>
      <ChildResources />
      <Connections />
    </ResourceInfo>
    <ResourceInfo Name="P37" Address="1.1.1.1" ModelName="Generic Jack" Description="">
      <Attributes>
        <Attribute Name="Protocol Type" Value="Ethernet" />
      </Attributes>
      <ChildResources />
      <Connections />
    </ResourceInfo>
    <ResourceInfo Name="P38" Address="1.1.1.1" ModelName="Generic Jack" Description="">
      <Attributes>
        <Attribute Name="Protocol Type" Value="Ethernet" />
      </Attributes>
      <ChildResources />
      <Connections />
    </ResourceInfo>
    <ResourceInfo Name="P39" Address="1.1.1.1" ModelName="Generic Jack" Description="">
      <Attributes>
        <Attribute Name="Protocol Type" Value="Ethernet" />
      </Attributes>
      <ChildResources />
      <Connections />
    </ResourceInfo>
    <ResourceInfo Name="P40" Address="1.1.1.1" ModelName="Generic Jack" Description="">
      <Attributes>
        <Attribute Name="Protocol Type" Value="Ethernet" />
      </Attributes>
      <ChildResources />
      <Connections />
    </ResourceInfo>
    <ResourceInfo Name="P41" Address="1.1.1.1" ModelName="Generic Jack" Description="">
      <Attributes>
        <Attribute Name="Protocol Type" Value="Ethernet" />
      </Attributes>
      <ChildResources />
      <Connections />
    </ResourceInfo>
    <ResourceInfo Name="P42" Address="1.1.1.1" ModelName="Generic Jack" Description="">
      <Attributes>
        <Attribute Name="Protocol Type" Value="Ethernet" />
      </Attributes>
      <ChildResources />
      <Connections />
    </ResourceInfo>
    <ResourceInfo Name="P43" Address="1.1.1.1" ModelName="Generic Jack" Description="">
      <Attributes>
        <Attribute Name="Protocol Type" Value="Ethernet" />
      </Attributes>
      <ChildResources />
      <Connections />
    </ResourceInfo>
    <ResourceInfo Name="P44" Address="1.1.1.1" ModelName="Generic Jack" Description="">
      <Attributes>
        <Attribute Name="Protocol Type" Value="Ethernet" />
      </Attributes>
      <ChildResources />
      <Connections />
    </ResourceInfo>
    <ResourceInfo Name="P45" Address="1.1.1.1" ModelName="Generic Jack" Description="">
      <Attributes>
        <Attribute Name="Protocol Type" Value="Ethernet" />
      </Attributes>
      <ChildResources />
      <Connections />
    </ResourceInfo>
    <ResourceInfo Name="P46" Address="1.1.1.1" ModelName="Generic Jack" Description="">
      <Attributes>
        <Attribute Name="Protocol Type" Value="Ethernet" />
      </Attributes>
      <ChildResources />
      <Connections />
    </ResourceInfo>
    <ResourceInfo Name="P47" Address="1.1.1.1" ModelName="Generic Jack" Description="">
      <Attributes>
        <Attribute Name="Protocol Type" Value="Ethernet" />
      </Attributes>
      <ChildResources />
      <Connections />
    </ResourceInfo>
    <ResourceInfo Name="P48" Address="1.1.1.1" ModelName="Generic Jack" Description="">
      <Attributes>
        <Attribute Name="Protocol Type" Value="Ethernet" />
      </Attributes>
      <ChildResources />
      <Connections />
    </ResourceInfo>
    <ResourceInfo Name="P49" Address="1.1.1.1" ModelName="Generic Jack" Description="">
      <Attributes>
        <Attribute Name="Protocol Type" Value="Ethernet" />
      </Attributes>
      <ChildResources />
      <Connections />
    </ResourceInfo>
    <ResourceInfo Name="P50" Address="1.1.1.1" ModelName="Generic Jack" Description="">
      <Attributes>
        <Attribute Name="Protocol Type" Value="Ethernet" />
      </Attributes>
      <ChildResources />
      <Connections />
    </ResourceInfo>
    <ResourceInfo Name="P16" Address="1.1.1.1" ModelName="Generic Jack" Description="">
      <Attributes>
        <Attribute Name="Protocol Type" Value="Ethernet" />
      </Attributes>
      <ChildResources />
      <Connections />
    </ResourceInfo>
    <ResourceInfo Name="P17" Address="1.1.1.1" ModelName="Generic Jack" Description="">
      <Attributes>
        <Attribute Name="Protocol Type" Value="Ethernet" />
      </Attributes>
      <ChildResources />
      <Connections />
    </ResourceInfo>
    <ResourceInfo Name="P24" Address="1.1.1.1" ModelName="Generic Jack" Description="">
      <Attributes>
        <Attribute Name="Protocol Type" Value="Ethernet" />
      </Attributes>
      <ChildResources />
      <Connections />
    </ResourceInfo>
    <ResourceInfo Name="P25" Address="1.1.1.1" ModelName="Generic Jack" Description="">
      <Attributes>
        <Attribute Name="Protocol Type" Value="Ethernet" />
      </Attributes>
      <ChildResources />
      <Connections />
    </ResourceInfo>
    <ResourceInfo Name="P26" Address="1.1.1.1" ModelName="Generic Jack" Description="">
      <Attributes>
        <Attribute Name="Protocol Type" Value="Ethernet" />
      </Attributes>
      <ChildResources />
      <Connections />
    </ResourceInfo>
    <ResourceInfo Name="P33" Address="1.1.1.1" ModelName="Generic Jack" Description="">
      <Attributes>
        <Attribute Name="Protocol Type" Value="Ethernet" />
      </Attributes>
      <ChildResources />
      <Connections />
    </ResourceInfo>
    <ResourceInfo Name="P34" Address="1.1.1.1" ModelName="Generic Jack" Description="">
      <Attributes>
        <Attribute Name="Protocol Type" Value="Ethernet" />
      </Attributes>
      <ChildResources />
      <Connections />
    </ResourceInfo>
    <ResourceInfo Name="P35" Address="1.1.1.1" ModelName="Generic Jack" Description="">
      <Attributes>
        <Attribute Name="Protocol Type" Value="Ethernet" />
      </Attributes>
      <ChildResources />
      <Connections />
    </ResourceInfo>
    <ResourceInfo Name="P36" Address="1.1.1.1" ModelName="Generic Jack" Description="">
      <Attributes>
        <Attribute Name="Protocol Type" Value="Ethernet" />
      </Attributes>
      <ChildResources />
      <Connections />
    </ResourceInfo>
    <ResourceInfo Name="P51" Address="1.1.1.1" ModelName="Generic Jack" Description="">
      <Attributes>
        <Attribute Name="Protocol Type" Value="Ethernet" />
      </Attributes>
      <ChildResources />
      <Connections />
    </ResourceInfo>
    <ResourceInfo Name="P52" Address="1.1.1.1" ModelName="Generic Jack" Description="">
      <Attributes>
        <Attribute Name="Protocol Type" Value="Ethernet" />
      </Attributes>
      <ChildResources />
      <Connections />
    </ResourceInfo>
    <ResourceInfo Name="P53" Address="1.1.1.1" ModelName="Generic Jack" Description="">
      <Attributes>
        <Attribute Name="Protocol Type" Value="Ethernet" />
      </Attributes>
      <ChildResources />
      <Connections />
    </ResourceInfo>
    <ResourceInfo Name="P57" Address="1.1.1.1" ModelName="Generic Jack" Description="">
      <Attributes>
        <Attribute Name="Protocol Type" Value="Ethernet" />
      </Attributes>
      <ChildResources />
      <Connections />
    </ResourceInfo>
    <ResourceInfo Name="P58" Address="1.1.1.1" ModelName="Generic Jack" Description="">
      <Attributes>
        <Attribute Name="Protocol Type" Value="Ethernet" />
      </Attributes>
      <ChildResources />
      <Connections />
    </ResourceInfo>
    <ResourceInfo Name="P59" Address="1.1.1.1" ModelName="Generic Jack" Description="">
      <Attributes>
        <Attribute Name="Protocol Type" Value="Ethernet" />
      </Attributes>
      <ChildResources />
      <Connections />
    </ResourceInfo>
    <ResourceInfo Name="P60" Address="1.1.1.1" ModelName="Generic Jack" Description="">
      <Attributes>
        <Attribute Name="Protocol Type" Value="Ethernet" />
      </Attributes>
      <ChildResources />
      <Connections />
    </ResourceInfo>
    <ResourceInfo Name="P61" Address="1.1.1.1" ModelName="Generic Jack" Description="">
      <Attributes>
        <Attribute Name="Protocol Type" Value="Ethernet" />
      </Attributes>
      <ChildResources />
      <Connections />
    </ResourceInfo>
    <ResourceInfo Name="P62" Address="1.1.1.1" ModelName="Generic Jack" Description="">
      <Attributes>
        <Attribute Name="Protocol Type" Value="Ethernet" />
      </Attributes>
      <ChildResources />
      <Connections />
    </ResourceInfo>
    <ResourceInfo Name="P63" Address="1.1.1.1" ModelName="Generic Jack" Description="">
      <Attributes>
        <Attribute Name="Protocol Type" Value="Ethernet" />
      </Attributes>
      <ChildResources />
      <Connections />
    </ResourceInfo>
    <ResourceInfo Name="P64" Address="1.1.1.1" ModelName="Generic Jack" Description="">
      <Attributes>
        <Attribute Name="Protocol Type" Value="Ethernet" />
      </Attributes>
      <ChildResources />
      <Connections />
    </ResourceInfo>
    <ResourceInfo Name="P65" Address="1.1.1.1" ModelName="Generic Jack" Description="">
      <Attributes>
        <Attribute Name="Protocol Type" Value="Ethernet" />
      </Attributes>
      <ChildResources />
      <Connections />
    </ResourceInfo>
    <ResourceInfo Name="P85" Address="1.1.1.1" ModelName="Generic Jack" Description="">
      <Attributes>
        <Attribute Name="Protocol Type" Value="Ethernet" />
      </Attributes>
      <ChildResources />
      <Connections />
    </ResourceInfo>
    <ResourceInfo Name="P86" Address="1.1.1.1" ModelName="Generic Jack" Description="">
      <Attributes>
        <Attribute Name="Protocol Type" Value="Ethernet" />
      </Attributes>
      <ChildResources />
      <Connections />
    </ResourceInfo>
    <ResourceInfo Name="P95" Address="1.1.1.1" ModelName="Generic Jack" Description="">
      <Attributes>
        <Attribute Name="Protocol Type" Value="Ethernet" />
      </Attributes>
      <ChildResources />
      <Connections />
    </ResourceInfo>
    <ResourceInfo Name="P96" Address="1.1.1.1" ModelName="Generic Jack" Description="">
      <Attributes>
        <Attribute Name="Protocol Type" Value="Ethernet" />
      </Attributes>
      <ChildResources />
      <Connections />
    </ResourceInfo>
    <ResourceInfo Name="P97" Address="1.1.1.1" ModelName="Generic Jack" Description="">
      <Attributes>
        <Attribute Name="Protocol Type" Value="Ethernet" />
      </Attributes>
      <ChildResources />
      <Connections />
    </ResourceInfo>
    <ResourceInfo Name="P98" Address="1.1.1.1" ModelName="Generic Jack" Description="">
      <Attributes>
        <Attribute Name="Protocol Type" Value="Ethernet" />
      </Attributes>
      <ChildResources />
      <Connections />
    </ResourceInfo>
    <ResourceInfo Name="P99" Address="1.1.1.1" ModelName="Generic Jack" Description="">
      <Attributes>
        <Attribute Name="Protocol Type" Value="Ethernet" />
      </Attributes>
      <ChildResources />
      <Connections />
    </ResourceInfo>
  </ChildResources>
  <Connections />
</ResourceInfo>