<?xml version="1.0" encoding="utf-8"?>
<TopologyInfo xmlns:xsd="http://www.w3.org/2001/XMLSchema" xmlns:xsi="http://www.w3.org/2001/XMLSchema-instance">
  <Details Name="AWS App" Alias="AWS App" Driver="Python Setup &amp; Teardown" SetupDuration="10" TeardownDuration="10" Public="false" DefaultDuration="120" EnableSandboxSave="true">
    <Description>Blueprint with preconfigured setup &amp; teardown processes.Deploys Apps and resolves connections on Setup, and deletes App VMs on Teardown</Description>
    <Categories />
    <Scripts>
      <Script Name="Default Sandbox Teardown 3.0" />
      <Script Name="Default Sandbox Save 3.0" />
      <Script Name="Default Sandbox Restore 3.0" />
      <Script Name="Default Sandbox Setup 3.0" />
    </Scripts>
    <Diagram Zoom="1" NodeSize="Medium" />
  </Details>
  <Apps>
    <App PositionX="575" PositionY="126" TemplateName="AWS-EC2">
      <AppResourceInfo Name="AWS VM">
        <AppResources>
          <AppResource ModelName="Generic App Model" Driver="">
            <Attributes>
              <Attribute Name="Password" Value="3M3u7nkDzxWb0aJ/IZYeWw==" />
              <Attribute Name="Public IP" Value="" />
              <Attribute Name="User" Value="" />
            </Attributes>
          </AppResource>
        </AppResources>
        <DeploymentPaths>
          <DeploymentPath Name="AWS EC2 - AWS EC2 Instance" Default="true">
            <DeploymentService Name="AWS EC2 Instance" CloudProvider="AWS EC2">
              <Attributes>
                <Attribute Name="AWS AMI Id" Value="ami-b7b4fedd" />
                <Attribute Name="Allow all Sandbox Traffic" Value="True" />
                <Attribute Name="Instance Type" Value="t2.nano" />
                <Attribute Name="Storage Size" Value="0" />
                <Attribute Name="Storage IOPS" Value="0" />
                <Attribute Name="Storage Type" Value="auto" />
                <Attribute Name="Inbound Ports" Value="" />
                <Attribute Name="Wait for IP" Value="False" />
                <Attribute Name="Wait for Status Check" Value="False" />
                <Attribute Name="Autoload" Value="True" />
                <Attribute Name="Wait for Credentials" Value="True" />
                <Attribute Name="Public IP Options" Value="No Public IP" />
                <Attribute Name="Root Volume Name" Value="" />
                <Attribute Name="IAM Role Name" Value="" />
              </Attributes>
            </DeploymentService>
          </DeploymentPath>
        </DeploymentPaths>
      </AppResourceInfo>
    </App>
  </Apps>
</TopologyInfo>