<?xml version="1.0" encoding="utf-8"?>
<AppTemplateInfo xmlns:xsd="http://www.w3.org/2001/XMLSchema" xmlns:xsi="http://www.w3.org/2001/XMLSchema-instance">
  <AppResourceInfo Name="AzureVM">
    <AppResources>
      <AppResource ModelName="Generic App Model" Driver="">
        <Attributes>
          <Attribute Name="Password" Value="3M3u7nkDzxWb0aJ/IZYeWw==" />
          <Attribute Name="Public IP" Value="" />
          <Attribute Name="User" Value="" />
        </Attributes>
      </AppResource>
    </AppResources>
    <DeploymentPaths>
      <DeploymentPath Name="Microsoft Azure - Azure VM From Marketplace" Default="false">
        <DeploymentService Name="Azure VM From Marketplace" CloudProvider="Microsoft Azure">
          <Attributes>
            <Attribute Name="VM Size" Value="Basic_A0" />
            <Attribute Name="Autoload" Value="True" />
            <Attribute Name="Add Public IP" Value="False" />
            <Attribute Name="Extension Script file" Value="" />
            <Attribute Name="Extension Script Configurations" Value="" />
            <Attribute Name="Extension Script Timeout" Value="1200" />
            <Attribute Name="Public IP Type" Value="Dynamic" />
            <Attribute Name="Inbound Ports" Value="" />
            <Attribute Name="Image Publisher" Value="Canonical" />
            <Attribute Name="Image Offer" Value="UbuntuServer" />
            <Attribute Name="Image SKU" Value="16.04.0-LTS" />
            <Attribute Name="Image Version" Value="latest" />
            <Attribute Name="Disk Type" Value="HDD" />
            <Attribute Name="Wait for IP" Value="False" />
          </Attributes>
        </DeploymentService>
      </DeploymentPath>
    </DeploymentPaths>
  </AppResourceInfo>
  <Categories>
    <Category>Applications</Category>
  </Categories>
</AppTemplateInfo>