<?xml version="1.0" encoding="utf-8"?>
<DataModelInfo xmlns:xsd="http://www.w3.org/2001/XMLSchema" xmlns:xsi="http://www.w3.org/2001/XMLSchema-instance" xmlns="http://schemas.qualisystems.com/ResourceManagement/DataModelSchema.xsd">
  <Attributes>
    <AttributeInfo Name="Number of Ports" Type="Numeric" DefaultValue="0" IsReadOnly="false">
      <Rules />
    </AttributeInfo>
    <AttributeInfo Name="aaa" Type="String" DefaultValue="test value" Description="test" IsReadOnly="false">
      <Rules>
        <Rule Name="Configuration" />
        <Rule Name="Setting" />
        <Rule Name="Available For Abstract Resources" />
      </Rules>
    </AttributeInfo>
    <AttributeInfo xsi:type="LookupAttributeDetails" Name="Protocol Type" Type="Lookup" DefaultValue="Ethernet" IsReadOnly="false">
      <Rules>
        <Rule Name="Configuration" />
        <Rule Name="Constant Capability" />
      </Rules>
      <LookupValues>
        <LookupValue NumericValue="1" StringValue="Fibre Channel" />
        <LookupValue NumericValue="2" StringValue="Ethernet" />
        <LookupValue NumericValue="3" StringValue="SONET" />
        <LookupValue NumericValue="4" StringValue="10G Ethernet" />
        <LookupValue NumericValue="5" StringValue="Infiniband" />
        <LookupValue NumericValue="6" StringValue="T-Carrier" />
        <LookupValue NumericValue="7" StringValue="E-Carrier" />
      </LookupValues>
    </AttributeInfo>
    <AttributeInfo xsi:type="LookupAttributeDetails" Name="Speed" Type="Lookup" DefaultValue="10 Mbps" IsReadOnly="false" IsCommand="true">
      <Rules>
        <Rule Name="Setting" />
        <Rule Name="Variable Capability" />
      </Rules>
      <LookupValues>
        <LookupValue NumericValue="2" StringValue="10 Mbps" />
        <LookupValue NumericValue="3" StringValue="100 Mbps" />
        <LookupValue NumericValue="4" StringValue="1 Gbps" />
        <LookupValue NumericValue="5" StringValue="10 Gbps" />
        <LookupValue NumericValue="6" StringValue="1 Gbps CU" />
        <LookupValue NumericValue="11" StringValue="1 Gbps Fiber" />
        <LookupValue NumericValue="12" StringValue="2 Gbps Fiber" />
        <LookupValue NumericValue="13" StringValue="4 Gbps Fiber" />
        <LookupValue NumericValue="14" StringValue="8 Gbps Fiber" />
        <LookupValue NumericValue="15" StringValue="10 Gbps Fiber Serial" />
        <LookupValue NumericValue="21" StringValue="2.5 Gbps Sonnet" />
        <LookupValue NumericValue="22" StringValue="10 Gbps Sonnet" />
        <LookupValue NumericValue="31" StringValue="2.5 Gbps Infiniband" />
        <LookupValue NumericValue="32" StringValue="10 Gbps Infiniband" />
        <LookupValue NumericValue="41" StringValue="200 Mbps ESCON/SBCON" />
      </LookupValues>
    </AttributeInfo>
    <AttributeInfo xsi:type="LookupAttributeDetails" Name="Autoneg Capability" Type="Lookup" DefaultValue="10 Mbps HD" IsReadOnly="false">
      <Rules>
        <Rule Name="Setting" />
        <Rule Name="Variable Capability" />
      </Rules>
      <LookupValues>
        <LookupValue NumericValue="34" StringValue="10 Mbps HD" />
        <LookupValue NumericValue="35" StringValue="10 Mbps FD" />
        <LookupValue NumericValue="50" StringValue="100 Mbps HD" />
        <LookupValue NumericValue="51" StringValue="100 Mbps FD" />
        <LookupValue NumericValue="67" StringValue="1 Gbps FD" />
        <LookupValue NumericValue="99" StringValue="10 Gbps FD" />
      </LookupValues>
    </AttributeInfo>
    <AttributeInfo xsi:type="LookupAttributeDetails" Name="Duplex" Type="Lookup" DefaultValue="Full" IsReadOnly="false" IsCommand="true">
      <Rules>
        <Rule Name="Setting" />
        <Rule Name="Variable Capability" />
      </Rules>
      <LookupValues>
        <LookupValue NumericValue="2" StringValue="Half" />
        <LookupValue NumericValue="3" StringValue="Full" />
      </LookupValues>
    </AttributeInfo>
  </Attributes>
  <ResourceFamilies>
    <ResourceFamily Name="PatchPanel" IsMappableContainer="true" Description="" SupportsMulticastMapping="true" SupportsLoopbackMapping="true" IsSearchable="true" ResourceType="Resource" AllowRemoteConnection="true">
      <AttachedAttributes />
      <AttributeValues />
      <Models>
        <ResourceModel Name="Generic PatchPanel" Description="" SupportsConcurrentCommands="false">
          <AttachedAttributes />
          <AttributeValues />
          <ParentModels />
          <Drivers>
            <DriverName>Patch Panel Driver</DriverName>
          </Drivers>
          <Scripts />
        </ResourceModel>
      </Models>
      <Categories />
    </ResourceFamily>
    <ResourceFamily Name="Panel Jack" IsMappable="true" IsConnectable="true" IsLockedByDefault="true" Description="" IsSearchable="true" ResourceType="Resource" AllowRemoteConnection="false">
      <AttachedAttributes />
      <AttributeValues />
      <Models>
        <ResourceModel Name="Generic Jack" Description="" SupportsConcurrentCommands="false">
          <AttachedAttributes>
            <AttachedAttribute Name="Protocol Type" IsOverridable="true" IsLocal="true">
              <AllowedValues />
            </AttachedAttribute>
          </AttachedAttributes>
          <AttributeValues>
            <AttributeValue Name="Protocol Type" Value="Ethernet" />
          </AttributeValues>
          <ParentModels>
            <ParentModelName>Generic PatchPanel</ParentModelName>
          </ParentModels>
          <Drivers />
          <Scripts />
        </ResourceModel>
      </Models>
      <Categories />
    </ResourceFamily>
    <ResourceFamily Name="Bridge" ImagePath="Bridge_Family.png" Description="" IsSearchable="true" ResourceType="Resource" AllowRemoteConnection="true">
      <AttachedAttributes>
        <AttachedAttribute Name="Number of Ports" IsOverridable="true" IsLocal="false">
          <AllowedValues />
        </AttachedAttribute>
        <AttachedAttribute Name="aaa" IsOverridable="true" IsLocal="true">
          <AllowedValues />
        </AttachedAttribute>
      </AttachedAttributes>
      <AttributeValues>
        <AttributeValue Name="Number of Ports" Value="0" />
        <AttributeValue Name="aaa" Value="test value" />
      </AttributeValues>
      <Models>
        <ResourceModel Name="Bridge Generic Model" Description="" SupportsConcurrentCommands="false">
          <AttachedAttributes />
          <AttributeValues>
            <AttributeValue Name="Number of Ports" Value="0" />
            <AttributeValue Name="aaa" Value="test value" />
          </AttributeValues>
          <ParentModels />
          <Drivers />
          <Scripts />
        </ResourceModel>
      </Models>
      <Categories />
    </ResourceFamily>
    <ResourceFamily Name="Bridge Port" IsConnectable="true" IsLockedByDefault="true" Description="" IsSearchable="true" ResourceType="Resource" AllowRemoteConnection="false">
      <AttachedAttributes />
      <AttributeValues />
      <Models>
        <ResourceModel Name="Bridge Port Generic Model" Description="" SupportsConcurrentCommands="false">
          <AttachedAttributes>
            <AttachedAttribute Name="Protocol Type" IsOverridable="true" IsLocal="true">
              <AllowedValues>
                <AllowedValue>Ethernet</AllowedValue>
                <AllowedValue>10G Ethernet</AllowedValue>
              </AllowedValues>
            </AttachedAttribute>
            <AttachedAttribute Name="Speed" IsOverridable="true" IsLocal="true">
              <AllowedValues>
                <AllowedValue>10 Mbps</AllowedValue>
                <AllowedValue>100 Mbps</AllowedValue>
                <AllowedValue>1 Gbps</AllowedValue>
                <AllowedValue>10 Gbps</AllowedValue>
              </AllowedValues>
            </AttachedAttribute>
            <AttachedAttribute Name="Autoneg Capability" IsOverridable="true" IsLocal="true">
              <AllowedValues>
                <AllowedValue>10 Mbps HD</AllowedValue>
                <AllowedValue>10 Mbps FD</AllowedValue>
                <AllowedValue>100 Mbps HD</AllowedValue>
                <AllowedValue>100 Mbps FD</AllowedValue>
                <AllowedValue>1 Gbps FD</AllowedValue>
                <AllowedValue>10 Gbps FD</AllowedValue>
              </AllowedValues>
            </AttachedAttribute>
            <AttachedAttribute Name="Duplex" IsOverridable="true" IsLocal="true">
              <AllowedValues>
                <AllowedValue>Half</AllowedValue>
                <AllowedValue>Full</AllowedValue>
              </AllowedValues>
            </AttachedAttribute>
          </AttachedAttributes>
          <AttributeValues>
            <AttributeValue Name="Protocol Type" Value="Ethernet" />
            <AttributeValue Name="Speed" Value="1 Gbps" />
            <AttributeValue Name="Autoneg Capability" Value="10 Mbps HD" />
            <AttributeValue Name="Duplex" Value="Full" />
          </AttributeValues>
          <ParentModels>
            <ParentModelName>Bridge Generic Model</ParentModelName>
          </ParentModels>
          <Drivers />
          <Scripts />
        </ResourceModel>
      </Models>
      <Categories />
    </ResourceFamily>
  </ResourceFamilies>
  <DriverDescriptors>
    <DriverDescriptor Name="Patch Panel Driver" DriverType="L1SwitchDriver" />
    <DriverDescriptor Name="Python Setup &amp; Teardown" Description="This driver is used for running Python scripts in the environment setup and teardown. To use this driver, make sure you select a suitable setup and/or teardown script." DriverType="TestShellDriver" />
  </DriverDescriptors>
  <ScriptDescriptors>
    <ScriptDescriptor Name="Default Sandbox Teardown 3.0" CategoryName="Hidden Commands" Version="2.0.0.408 " Alias="Teardown script">
      <ScriptInputs />
    </ScriptDescriptor>
    <ScriptDescriptor Name="Default Sandbox Save 3.0" CategoryName="Hidden Commands" Version="2.0.0.408 " Alias="Save script">
      <ScriptInputs />
    </ScriptDescriptor>
    <ScriptDescriptor Name="Default Sandbox Restore 3.0" CategoryName="Hidden Commands" Version="2.0.0.408 " Alias="Restore script">
      <ScriptInputs />
    </ScriptDescriptor>
    <ScriptDescriptor Name="Default Sandbox Setup 3.0" CategoryName="Hidden Commands" Version="2.0.0.408 " Alias="Setup script">
      <ScriptInputs />
    </ScriptDescriptor>
  </ScriptDescriptors>
</DataModelInfo>