<?xml version="1.0" encoding="utf-8"?>
<AppTemplateInfo xmlns:xsd="http://www.w3.org/2001/XMLSchema" xmlns:xsi="http://www.w3.org/2001/XMLSchema-instance">
  <AppResourceInfo Name="OSGlance">
    <AppResources>
      <AppResource ModelName="Generic App Model" Driver="">
        <Attributes>
          <Attribute Name="Password" Value="3M3u7nkDzxWb0aJ/IZYeWw==" />
          <Attribute Name="Public IP" Value="" />
          <Attribute Name="User" Value="" />
        </Attributes>
      </AppResource>
    </AppResources>
    <DeploymentPaths>
      <DeploymentPath Name="OpenStack - OpenStack Deploy From Glance Image" Default="false">
        <DeploymentService Name="OpenStack Deploy From Glance Image" CloudProvider="OpenStack">
          <Attributes>
            <Attribute Name="Availability Zone" Value="" />
            <Attribute Name="Image ID" Value="2b9904e4-45ed-421d-939e-8ccc362740e2" />
            <Attribute Name="Instance Flavor" Value="m1.tiny" />
            <Attribute Name="Add Floating IP" Value="False" />
            <Attribute Name="Autoload" Value="True" />
            <Attribute Name="Affinity Group ID" Value="" />
            <Attribute Name="Floating IP Subnet ID" Value="" />
            <Attribute Name="Auto udev" Value="True" />
            <Attribute Name="Wait for IP" Value="False" />
          </Attributes>
        </DeploymentService>
      </DeploymentPath>
    </DeploymentPaths>
  </AppResourceInfo>
  <Categories>
    <Category>Applications</Category>
  </Categories>
</AppTemplateInfo>