<?xml version="1.0" encoding="utf-8"?>
<AppTemplateInfo xmlns:xsd="http://www.w3.org/2001/XMLSchema" xmlns:xsi="http://www.w3.org/2001/XMLSchema-instance">
  <AppResourceInfo Name="AWS-EC2">
    <AppResources>
      <AppResource ModelName="Generic App Model" Driver="">
        <Attributes>
          <Attribute Name="Password" Value="3M3u7nkDzxWb0aJ/IZYeWw==" />
          <Attribute Name="Public IP" Value="" />
          <Attribute Name="User" Value="" />
        </Attributes>
      </AppResource>
    </AppResources>
    <DeploymentPaths>
      <DeploymentPath Name="AWS EC2 - AWS EC2 Instance" Default="false">
        <DeploymentService Name="AWS EC2 Instance" CloudProvider="AWS EC2">
          <Attributes>
            <Attribute Name="AWS AMI Id" Value="ami-b7b4fedd" />
            <Attribute Name="Allow all Sandbox Traffic" Value="True" />
            <Attribute Name="Instance Type" Value="t2.nano" />
            <Attribute Name="Storage Size" Value="0" />
            <Attribute Name="Storage IOPS" Value="0" />
            <Attribute Name="Storage Type" Value="auto" />
            <Attribute Name="Inbound Ports" Value="" />
            <Attribute Name="Wait for IP" Value="False" />
            <Attribute Name="Wait for Status Check" Value="False" />
            <Attribute Name="Autoload" Value="True" />
            <Attribute Name="Wait for Credentials" Value="True" />
            <Attribute Name="Public IP Options" Value="No Public IP" />
            <Attribute Name="Root Volume Name" Value="" />
            <Attribute Name="IAM Role Name" Value="" />
          </Attributes>
        </DeploymentService>
      </DeploymentPath>
    </DeploymentPaths>
  </AppResourceInfo>
  <Categories>
    <Category>Applications</Category>
  </Categories>
</AppTemplateInfo>