<?xml version="1.0" encoding="utf-8"?>
<TopologyInfo xmlns:xsd="http://www.w3.org/2001/XMLSchema" xmlns:xsi="http://www.w3.org/2001/XMLSchema-instance">
  <Details Name="Azure App" Alias="Azure App" Driver="Python Setup &amp; Teardown" SetupDuration="10" TeardownDuration="10" Public="false" DefaultDuration="120" EnableSandboxSave="true">
    <Description>Blueprint with preconfigured setup &amp; teardown processes.Deploys Apps and resolves connections on Setup, and deletes App VMs on Teardown</Description>
    <Categories />
    <Scripts>
      <Script Name="Default Sandbox Teardown 3.0" />
      <Script Name="Default Sandbox Save 3.0" />
      <Script Name="Default Sandbox Restore 3.0" />
      <Script Name="Default Sandbox Setup 3.0" />
    </Scripts>
    <Diagram Zoom="1" NodeSize="Medium" />
  </Details>
  <Apps>
    <App PositionX="419" PositionY="183" TemplateName="AzureVM">
      <AppResourceInfo Name="AzureVM">
        <AppResources>
          <AppResource ModelName="Generic App Model" Driver="">
            <Attributes>
              <Attribute Name="Password" Value="3M3u7nkDzxWb0aJ/IZYeWw==" />
              <Attribute Name="Public IP" Value="" />
              <Attribute Name="User" Value="" />
            </Attributes>
          </AppResource>
        </AppResources>
        <DeploymentPaths>
          <DeploymentPath Name="Microsoft Azure - Azure VM From Marketplace" Default="true">
            <DeploymentService Name="Azure VM From Marketplace" CloudProvider="Microsoft Azure">
              <Attributes>
                <Attribute Name="VM Size" Value="Basic_A0" />
                <Attribute Name="Autoload" Value="True" />
                <Attribute Name="Add Public IP" Value="False" />
                <Attribute Name="Extension Script file" Value="" />
                <Attribute Name="Extension Script Configurations" Value="" />
                <Attribute Name="Extension Script Timeout" Value="1200" />
                <Attribute Name="Public IP Type" Value="Dynamic" />
                <Attribute Name="Inbound Ports" Value="" />
                <Attribute Name="Image Publisher" Value="Canonical" />
                <Attribute Name="Image Offer" Value="UbuntuServer" />
                <Attribute Name="Image SKU" Value="16.04.0-LTS" />
                <Attribute Name="Image Version" Value="latest" />
                <Attribute Name="Disk Type" Value="HDD" />
                <Attribute Name="Wait for IP" Value="False" />
              </Attributes>
            </DeploymentService>
          </DeploymentPath>
        </DeploymentPaths>
      </AppResourceInfo>
    </App>
  </Apps>
</TopologyInfo>